Uniprot ID, AA position, HOTSPOT (P)/NONHOTSPOT (N)
P04049,59,P
Q9ULZ3,61,N
P68036,33,N
O75475,368,N
O75475,415,N
Q9Y239,53,P
Q9UJY5,182,P
P01563,113,N
O88838,210,N
P13726,77,P
P09038,164,N
P61964,133,P
Q15257,343,N
P13726,49,N
P04049,64,N
Q9ULZ3,52,P
P01563,46,N
P78560,156,P
P48551,217,N
P03950,108,N
P32797,523,P
Q8VDF2,148,P
Q9ULZ3,8,P
P48551,74,N
P03709,106,N
P01391,32,N
Q13501,398,N
P13479,32,N
P10145,31,P
P13726,199,N
P78560,147,P
P13726,58,N
P00648,107,N
P01050,2,P
Q9UJY5,264,P
Q5D734,28,N
P01563,55,N
P0CG48,650,N
P13726,139,N
Q15257,185,N
P62593,237,N
Q9NZN9,96,P
P32628,67,N
Q9ULZ3,3,N
P36006,1158,P
Q9Z297,22,N
P00974,74,P
P20783,160,N
Q96QB1,475,P
Q96EP0,102,P
Q15257,329,P
P09038,254,N
P68036,52,N
P01563,56,P
P01563,155,N
Q9ULZ3,26,P
Q9Z297,29,N
P32851,233,P
Q14145,387,N
P22892,765,N
Q15257,305,P
O43353,480,N
Q14145,530,N
P13726,201,N
P01391,10,N
P01050,20,N
Q01196,140,N
P48551,36,N
P17427,837,P
P13726,189,N
P01563,156,N
P30403,458,P
P05112,37,N
Q9ULZ3,21,P
O95429,446,P
P00974,68,P
O75475,360,N
P32628,45,P
P05112,105,N
P63096,42,P
Q13241,158,N
Q14203,90,P
P48551,105,N
Q15257,240,N
P17844,53,P
Q7Z434,54,P
P01033,91,P
P05112,139,N
Q9ULZ3,44,N
P13479,41,P
P62593,105,N
P32657,220,P
P12493,189,P
P12493,305,P
Q9H3P7,258,P
Q9Z297,119,N
P12493,206,N
P13726,94,N
Q16832,52,P
P62593,128,N
Q8K4V4,113,P
P40075,82,N
Q96QB1,477,N
P01236,208,P
O15350,487,P
P01236,125,N
Q9ULZ3,39,N
Q9Z297,50,N
P62593,102,P
P62993,203,P
P62937,55,P
P61964,321,P
P40343,313,P
P03950,132,N
Q9Z297,74,P
P13726,168,N
Q14145,336,N
Q9ULZ3,62,P
P78560,125,P
O75475,383,N
Q27974,876,P
Q9Y239,56,P
P0CG48,616,P
P01563,108,N
O15118,503,P
Q9Z297,81,N
P13726,52,P
Q99828,115,P
P04049,71,N
Q9ULZ3,57,N
P01563,87,N
Q9ULZ3,13,P
P48551,77,N
P13726,73,N
P09038,168,N
P21836,317,P
P05112,113,P
P06729,111,P
P60953,38,N
Q15257,339,N
Q14145,334,P
P13479,54,P
Q9ULZ3,48,P
P10145,33,P
Q01196,159,N
P05112,147,P
O60493,50,P
Q13501,413,N
Q9Y239,42,N
P16471,212,P
Q9QUN3,373,P
P00974,55,P
P03950,92,N
O75475,420,N
P56279,46,N
P13726,195,N
Q7A260,76,P
P35225,134,P
O60493,154,N
P09038,251,N
P04049,85,N
P71590,461,N
P21836,328,P
P73204,54,P
Q9ULZ3,56,P
P61964,91,P
O75554,191,P
Q9ULZ3,31,N
O95429,424,P
P13479,24,N
Q14145,384,N
O43353,483,P
P68390,148,P
Q13951,104,P
P13726,204,N
Q15257,325,P
Q14145,380,P
O43683,130,P
P13726,47,N
Q9UJY5,261,N
Q14145,459,N
P13726,176,N
Q01196,106,P
Q9ULZ3,22,N
Q13241,79,N
Q9NPD8,60,P
P13479,35,N
Q9P0R6,42,P
P13726,100,N
P22892,753,P
Q13526,34,P
P05112,108,N
P51532,1539,P
Q15257,243,N
O88838,207,P
P01391,6,N
P01236,87,N
P01236,58,N
P02545,358,P
P0CG48,676,N
P07363,214,P
P10600,392,N
O95786,172,P
Q01196,109,P
P05112,33,P
O60493,160,P
Q9Z297,40,N
P55265,801,P
O75475,364,N
P35225,44,N
O75475,395,N
Q13241,162,P
Q14145,525,P
P48551,101,N
P01563,93,N
P01391,29,P
P35225,120,N
Q9Z297,64,N
Q15257,160,N
P10415,188,P
Q9ULZ3,40,P
P13479,45,N
Q9UN37,64,P
Q14116,145,P
Q9NZN9,79,P
O75475,384,N
P0CG48,614,N
Q9Z297,123,P
P13726,231,N
P00974,47,P
P13726,90,P
P03950,36,N
P08887,217,P
P0CG48,682,P
P62937,126,P
P13479,69,N
P13726,171,N
P60953,12,N
P08887,279,P
O94888,459,P
P62593,98,N
Q7A260,24,P
P12493,170,N
P17728,27,P
Q13526,63,P
Q14289,881,P
Q8N0X7,24,P
O43189,41,P
Q9UJY5,289,N
Q9ULZ3,75,N
P08887,291,P
Q9Z297,78,N
Q62768,1364,P
O43683,106,P
P01033,27,N
Q9Z297,61,N
Q99828,153,P
P73204,41,P
O75475,371,N
P01563,135,N
O43353,448,N
Q01196,66,N
Q9Y239,52,N
Q9Z297,9,N
P01563,112,N
Q14145,415,P
P13726,76,P
P9WIA1,146,P
Q9Y239,69,P
Q9Z297,85,N
O15118,423,N
P13726,48,N
P04049,67,P
Q13241,114,P
P61964,263,P
P01563,45,N
P0CG48,652,N
P48551,216,N
P01563,136,N
O75475,407,N
P01563,51,N
O95760,149,P
Q9ULZ3,9,N
Q14145,553,N
P48551,73,P
Q9Z297,16,N
P00974,48,P
P01391,33,P
O95429,453,N
P9WIA1,126,N
P62593,270,N
Q99816,88,N
P13726,57,N
P01050,3,P
Q9UJY5,267,P
Q14019,75,P
P43357,170,P
P01563,54,N
P05230,133,P
P13726,138,N
P62593,236,N
O60493,22,P
P13726,126,N
P03950,64,P
P78543,115,N
Q8K4V4,81,P
P05112,102,N
Q16637,134,P
P35225,138,P
P01391,12,N
P10415,145,P
P09038,255,N
P25445,261,P
P56279,30,N
P01563,63,N
P11540,45,N
Q9ULZ3,5,N
P13726,179,N
P01563,154,N
P20783,201,N
P17427,920,P
O95760,163,N
Q9ULZ3,27,P
Q5D734,32,N
Q14145,551,N
P01033,61,P
P13479,28,N
P56279,74,P
P09038,186,N
Q13241,148,N
Q9UN37,13,P
P51532,1488,N
P01391,11,N
O14907,20,P
Q9UJY5,281,P
P73204,47,P
P25445,250,P
P13726,188,N
P09038,256,N
P05112,36,N
P20783,192,N
Q9ULZ3,18,N
P00974,69,P
P13726,96,N
P34152,1034,P
O43353,488,P
P68390,143,N
P10145,37,P
P48551,104,P
P01563,88,N
Q15257,239,N
P13726,84,N
P54725,333,P
P13479,31,N
O15357,47,P
P13726,165,N
Q9ULZ3,45,P
P0CG48,660,N
Q14145,434,N
P35225,48,N
P0CG48,635,N
Q9Z297,120,N
P08887,293,P
O15118,504,P
P01391,25,N
P13726,93,N
O75530,365,P
Q9JI78,41,P
O75554,150,P
Q9ULZ3,36,P
P05161,101,P
Q99828,131,P
P62593,97,N
O88838,120,P
P01033,28,N
P61964,322,P
P13726,227,N
P01563,106,N
P61964,47,P
P13726,70,N
Q12830,2882,P
P40075,42,P
Q9ULZ3,76,P
Q14145,337,N
P32628,10,N
P01563,39,N
P0CG48,666,N
P01033,45,N
O75475,413,N
Q9Z297,6,N
P01391,47,N
Q14116,148,P
P13726,208,N
P09038,284,N
P03950,29,P
Q9ULZ3,54,N
P43357,176,P
P40343,270,P
P11540,30,P
O43639,234,P
O75475,402,N
Q53EL6,358,P
Q9Y239,48,N
Q9ULZ3,10,N
Q9Z297,13,N
P01563,116,N
P01391,38,N
P01236,55,N
P03950,90,N
P78543,105,P
P05112,112,P
P01236,166,N
P01563,64,N
P13726,101,N
Q14145,335,N
P20783,227,N
P00648,105,P
Q9UJY5,246,N
P78543,53,N
P25445,287,P
Q99816,44,N
Q14145,478,N
P03950,94,N
O43791,131,P
Q9Y239,41,P
Q9UJY5,194,P
Q14145,483,P
P00974,52,P
P02640,814,P
Q7A260,75,P
P35225,137,P
P09038,252,N
P04049,84,P
P13726,74,N
Q9H3P7,266,N
P01563,58,N
P11540,40,P
P78560,146,P
P01236,201,N
O43189,71,P
Q9ULZ3,28,N
Q5D734,45,N
Q9ULZ3,80,N
P51532,1538,N
Q15257,249,N
P01391,8,N
P20783,241,P
P20783,153,N
Q9UJY5,260,P
O60885,433,P
Q01196,142,N
P35189,24,N
P13726,191,N
Q01196,107,P
P05112,39,N
Q06449,91,P
P01563,48,N
Q9ULZ3,23,P
Q9UJY5,200,P
Q9Z297,34,N
P00974,70,P
Q14203,68,P
P48551,107,P
Q9BUL8,175,P
Q96EP0,82,P
P01563,91,N
P02545,386,P
P01391,7,N
Q13501,431,N
P03950,57,N
P68036,64,N
P15498,696,P
P07363,213,N
P05112,141,N
P13726,184,N
P01563,167,P
P05112,32,N
P0ACE3,48,P
P48551,80,N
P73204,29,P
Q9JI78,58,N
O75475,367,N
P41743,72,P
Q14116,144,P
P35225,47,P
P0CG48,632,N
P48551,100,N
P01563,92,N
P13726,80,N
Q9Z297,65,N
P13726,161,N
P01563,168,P
Q7Z2E3,43,P
Q9ULZ3,41,P
P13479,50,P
P12493,177,N
O75475,356,N
P17728,29,P
P48551,125,N
Q9Z297,124,N
P13726,230,N
Q15257,228,N
P01391,21,N
Q13501,417,P
P17728,81,P
P62937,125,P
Q9Z297,72,N
P13726,170,N
O15118,424,N
P17728,38,N
P08887,278,N
P00648,120,P
Q9ULZ3,32,N
P25445,302,N
Q99816,63,N
P54762,928,P
O75832,182,P
O75475,408,N
P01563,102,N
Q14145,572,P
P17427,907,P
P13726,239,N
Q15257,221,N
Q12830,2886,P
Q8K4V4,101,P
Q9ULZ3,72,P
Q13951,65,N
P13726,211,N
P04049,69,N
Q9ULZ3,59,N
P40075,122,N
P56279,106,N
O75475,370,N
Q8K4V4,56,P
Q9ULZ3,15,P
P01033,41,N
P01563,119,N
P13726,75,N
P09038,166,P
Q9ULZ3,67,P
P02829,101,N
P04049,66,N
Q9ULZ3,50,N
P25445,272,P
P73204,33,P
P05112,109,N
P01563,143,N
Q15257,190,N
O75475,406,P
Q9Y239,44,N
Q9ULZ3,6,N
Q9Z297,71,N
Q9H3P7,284,P
Q99828,173,P
P20783,171,N
P13726,79,N
P09038,173,N
O75475,418,N
Q9Z297,128,P
P07567,57,P
Q99816,89,N
P48551,127,P
P13726,56,N
P00648,101,N
P71590,459,P
P25445,283,P
P01563,53,P
P46108,150,P
Q01196,144,N
P13726,137,N
P01563,144,N
Q15257,183,N
Q9UJY5,198,P
P01033,39,N
P13479,26,N
P00974,72,P
P06730,73,P
Q9WV86,19,P
P68036,63,P
P20783,162,N
Q27974,847,N
P05112,101,N
Q9ULZ3,85,N
Q13241,146,N
P62593,214,N
P35225,141,P
P01391,13,N
P04049,88,N
Q9UJY5,259,P
P61964,225,P
P13726,178,N
P78423,71,P
Q9ULZ3,24,N
P35189,80,P
O60493,75,N
Q99816,75,N
P01391,4,N
P09038,238,P
Q9NPD8,5,N
P08887,233,N
Q16512,181,P
P10600,394,P
P30403,456,P
P05112,35,N
Q9ULZ3,19,P
P25445,305,N
Q07812,74,P
P20783,176,N
P03950,113,N
Q27974,849,N
P12493,186,N
Q9UJY5,276,N
P48551,103,N
Q9Z297,114,N
P13726,240,N
P0CG48,641,N
Q9NZN9,53,P
P13726,83,N
P46108,169,P
P01033,93,P
P13726,164,N
P01563,171,P
P00648,134,P
P35225,66,P
P13479,47,N
P13726,104,N
P35225,51,N
P03709,92,P
Q9Z297,121,P
P01563,96,N
P13726,92,P
P63159,106,P
O75530,364,P
O43353,444,P
P68036,93,N
Q53EL6,403,N
P01563,172,P
P17728,37,P
Q9UJY5,205,N
Q13951,58,N
Q14116,181,N
Q53EL6,373,N
Q9H1I8,506,P
Q14145,382,P
P13726,69,N
Q99816,141,N
P17728,34,N
P13479,48,N
P05112,30,N
P01563,38,P
O75832,178,N
O75475,369,N
P13726,154,N
P01563,129,N
Q9Y239,54,P
P13726,235,N
P13726,78,N
Q9ULZ3,68,P
P13726,50,N
P09038,239,N
P04049,65,N
Q9ULZ3,55,N
P01563,47,N
P13726,131,N
O75475,405,N
Q9UJY5,204,P
P48551,75,N
Q9Z297,14,N
O75530,97,P
Q15750,216,P
Q931F4,231,P
P01050,49,N
P62593,169,N
P13726,217,N
P62593,268,N
P07363,181,N
Q01196,161,P
Q15257,337,N
P61964,240,P
P02829,97,P
P00648,106,P
P68036,60,N
Q99828,149,N
Q99816,45,N
P13726,228,N
Q9ULZ3,20,P
Q7Z2E3,52,P
Q9Y239,40,N
Q9UJY5,197,P
Q9H3P7,288,P
P13726,60,N
P00974,53,P
Q931F4,238,P
P09038,245,P
P62593,166,N
Q5D734,30,N
Q7A260,74,P
P78560,149,P
P23561,54,N
P09038,253,N
P01563,57,N
Q14596,12,N
P60953,17,P
P01563,148,N
O43353,469,N
P00648,149,P
P01391,53,N
P22892,762,P
O43353,481,N
Q9P0R6,130,P
P68390,150,P
Q9ULZ3,81,N
P12493,221,N
P01391,9,N
P03950,55,N
P25445,270,P
P13726,190,N
P01563,157,N
P53141,135,N
P20783,206,P
P24522,77,P
P68036,6,N
P13479,33,P
P00974,71,P
P21836,103,P
P05112,106,N
O95760,244,N
P06729,70,P
Q9UJY5,284,P
P78543,75,P
Q16512,185,P
P13726,167,N
P61964,107,P
Q9ULZ3,47,P
P68036,31,N
P73204,26,P
O75475,366,P
P01563,125,N
P10145,32,P
Q13241,160,P
Q9Z297,118,N
P01391,31,N
P13726,95,N
Q9UJY5,277,P
Q96QB1,476,P
P48551,55,N
P17427,840,P
P01236,223,N
P05112,40,N
P00648,130,P
Q9ULZ3,38,N
P05161,99,P
P13479,51,P
P00974,81,P
P62593,103,P
P01391,66,N
O43353,500,N
P34152,925,P
P01563,103,N
Q14315,2669,P
P48551,124,N
P13726,229,N
P48551,159,N
P49054,98,P
P21836,155,P
Q9ULZ3,78,N
Q84Y95,97,P
P17427,849,N
O95429,414,N
P08887,277,N
Q9ULZ3,33,N
Q14145,577,N
Q9Z297,56,N
P03950,37,N
O75475,411,N
Q9Y239,57,N
Q9UJY5,178,N
P01563,109,N
P13726,65,N
O43189,47,P
Q9ULZ3,73,N
P07363,207,N
P09038,282,P
P01236,74,N
P01050,15,P
Q9UJY5,255,N
P01563,42,N
P0CG48,647,N
O75475,373,N
Q9ULZ3,12,P
Q9BUL8,135,P
P48551,78,N
P13726,53,N
P20783,149,P
Q9Y239,67,N
P78543,103,P
Q8K4V4,109,P
P06729,110,P
Q99816,95,P
P48551,165,N
P09038,243,N
Q9ULZ3,51,P
Q13241,112,P
P21836,368,N
Q99816,46,N
Q14596,50,P
P48551,214,N
P05112,148,P
O75530,148,P
P48551,71,P
Q9H3P7,285,P
Q9Z297,18,N
P40515,80,P
P00974,54,P
P01391,35,N
Q15257,316,N
P78543,108,N
Q9Z297,129,P
P60953,32,P
P13726,196,N
P17427,707,N
O43683,122,P
P01050,1,P
P08887,254,N
P01563,151,N
Q14790,73,P
P62593,238,N
O43189,65,P
Q9ULZ3,30,N
Q9Z297,25,N
Q9WV86,18,P
P62593,127,P
P46108,276,N
Q15750,213,P
P13726,124,N
P68036,98,N
P20783,235,N
P78560,169,P
P35225,140,P
O60493,156,N
Q9UJY5,258,N
P78543,65,P
P56279,16,P
P73204,48,P
P15891,569,P
P13726,177,N
P63165,36,P
Q9ULZ3,25,P
P13479,34,P
P01391,49,P
O14907,90,P
P09038,188,N
P0AAM3,2,P
P03709,97,N
P68390,146,P
P06729,67,P
P35189,81,P
P01563,85,N
Q15257,244,N
O88838,206,P
P01391,5,N
P23561,59,P
P01050,19,N
P71590,474,P
P08887,232,N
P11540,36,P
P48551,33,N
P20783,194,N
P41743,29,N
P73204,31,P
P62593,109,P
O75475,365,P
Q13501,406,P
P48551,102,N
P13726,160,N
P01051,45,P
P12493,202,N
P01391,28,N
P13726,82,N
P35225,121,N
P07363,216,N
P13726,163,N
P53141,114,P
P05112,43,N
Q99816,43,N
Q5D734,48,P
P13479,44,N
Q14145,436,P
O75475,354,N
P01033,25,P
Q9Z297,122,N
P00974,46,P
O15118,506,P
P01391,27,P
P13726,91,N
P22892,728,N
P00648,74,P
P13726,46,N
P51532,1540,P
P13726,172,P
P01563,179,N
P17728,36,P
Q9ULZ3,34,N
P05161,103,P
P13479,55,P
Q9NXW2,138,P
P78560,121,P
O75475,379,N
Q8K4V4,51,P
O76064,42,P
O14745,355,P
Q14019,131,P
P13726,68,N
P02829,170,P
P40075,40,P
Q9ULZ3,74,N
P07363,202,N
Q9Z297,77,N
P13726,213,N
P05112,29,N
